message,label
Hello! Awesome remote job opportunity. Earn $300 per day by rating apps online. It takes only 30 minutes a day. Payment sent via USDT or bank wire. Interested? Add our manager on Telegram: @app_ranking_pro,fake
"Hi Natalie, I hope you're doing well. I'm a recruiter at Pinterest, and I'm currently looking for an ML Data Scientist to join our Ads Ranking team. I noticed your published work on recommendation systems and deep learning. Your academic and practical background seems like a fantastic match for the technical challenges our team faces. Would you be open to a brief connection call this Thursday afternoon?",real
"Hi Harrison, I am currently leading the search for a Principal Data Scientist for a fast-growing digital health platform based in Austin, TX. I found your profile and was impressed by your 7+ years of experience deploying predictive health algorithms into enterprise healthcare frameworks. The role offers a competitive base salary, equity, and full benefits. Let me know if you'd be open to a confidential chat. Best, Robert Half Search.",real
"Hi Eric, I hope your week is off to a great start. I am a corporate sourcer at HubSpot, and I am currently building a pipeline for a Senior Product Data Analyst position within our Core Platform organization. I noticed you have over four years of experience driving metrics and experimentation strategies using SQL and Looker. I'd love to share our technical map. Let me know if you have time for a brief call. Thanks!",real
"Dear Applicant, Your background matches our needs for a remote data verification specialist. Pay is $52/hr. The interview will take place via text chat on Telegram app. Please search for @recruitment_division_hub.",fake
"URGENT JOB AD: Earn $300-$600 daily doing simple tasks from your mobile device. Flexible working hours, completely remote. No previous knowledge required. Contact our HR manager on WhatsApp: +12025550188.",fake
"Hello! This is an incredible opportunity to work entirely from home. We need data transcribers to log shipping invoices. Pay is $300 daily via PayPal, CashApp, or Crypto. If you are interested, please reply with your full legal name, phone number, and SSN for immediate background checks.",fake
"Dear Applicant, thank you for your interest in the Business Intelligence Engineer position at Amazon Web Services (AWS). We have received your application and would like to invite you to complete our online analytical assessment. This evaluation measures SQL mastery and interpretation of cloud operational metrics. Instructions can be accessed directly inside your AWS candidate portal. Best, Amazon Global Talent Acquisition.",real
"Hi Taylor, I'm a technical recruiter at Netflix. I saw your open-source contribution to the scikit-learn library and wanted to reach out. Our Personalization Data Science team is looking for a Senior Engineer who is passionate about algorithmic development and large-scale experiments. If you're open to a confidential conversation about what we're planning for next year, let's connect. Thanks, Chris.",real
Urgent job opportunity! Earn up to $4000 monthly working from your home comfort. All you need is an active internet connection and a smartphone. Message us directly on WhatsApp to get started today: +13125550174.,fake
"Urgent Data Input position open. $42/hr. Full company benefits package after 30 days. Hardwares provided by company. To apply, click this link and complete a quick credit screening to ensure background eligibility: http://secure-identity-check-portal.com",fake
"Dear Candidate, I am an internal scout from Infosys. We reviewed your profile and want to extend a remote Data Coordinator offer. The screening process will be completed entirely through WhatsApp text messaging. Please add our team lead at +16465550194.",fake
"Dear Candidate, Thank you for completing our technical take-home coding assignment for the Junior Data Scientist track at Wayfair. We are pleased to notify you that you have cleared the evaluation bar, and we want to invite you to our virtual onsite panel round. This will comprise two technical case studies and an organizational behavioral fit round. Our scheduling coordinator will connect with you shortly. Sincerely, Wayfair Careers.",real
Hello! Excellent remote employment opportunity. Earn $350 daily by rating mobile apps online. Requires 45 minutes of daily engagement. Payouts issued via USDT or bank transfer. Intrigued? Message our team on Telegram: @app_tier_optimization,fake
"Dear candidate, we are pleased to inform you that you have been hired for the remote position of Junior Data Analyst. Your starting pay is $50/hour. To finalize your contract, please send your routing number and account number to this email so we can set up direct deposit.",fake
"Dear Candidate, thank you for submitting your application for the Quantitative Analytics Program at BlackRock. We are writing to let you know that our selection committee is actively evaluating all submitted profiles. We expect to send invitations for the first-round HireVue technical evaluations by the middle of next week. We appreciate your patience. Sincerely, BlackRock Early Careers Team.",real
"Hi Derek, I am a technical sourcer at Twitch. I saw your open-source projects on streaming video analytics and telemetry processing. Our Content Science team is looking for an ML Engineer to work on real-time recommendation feeds. This is a full-time position based in San Francisco, CA. Let me know if you have some time this week for a brief, exploratory video call. Thanks, Dave.",real
"Hi Austin, I hope you're having a great week. I am a recruiter at Epic Games, and I am currently sourcing for a Data Engineer to join our infrastructure team. I noticed your experience optimizing massive data pipelines using Spark, Kafka, and Snowflake. I’d love to jump on a short introductory call to share more about the scale of data we handle and see if it aligns with your interests. Let me know, thanks!",real
"Hi Haley, I am currently leading the search for a Senior Data Analyst at DraftKings for our marketing analytics team in Boston. I saw your profile and noticed your background running attribution modeling and marketing mix modeling in your previous role. The position is hybrid with 2 days in the office. Let me know if you'd be open to reviewing the job description and having a brief chat. Best, Alisha.",real
"JOB ALERT: We are looking for work-from-home data collection specialists. Receive a sign-on bonus of $2,500 after completing your first week of logging. You must purchase your own software activation key from our supplier using a check we will email you. Print and deposit it via your banking app.",fake
"Hello, I am a recruiter from Express Employment. We have a direct remote opening for an administrative data loader. Pay is $38/hr. No phone screen required, only a written test on Telegram. Add @express_employment_desk.",fake
"Hi Isabella, I'm a recruiter at LinkedIn. I noticed your impressive background in building trust and safety metrics at your current company. We are currently looking for a Senior Data Scientist to join our Ecosystem Quality team in Sunnyvale. Your profile stands out as an excellent technical fit. Would you be open to an introductory 15-minute sync this Tuesday or Wednesday? Best, Andrew.",real
"Hi there, thank you for taking the time to apply for the Data Scientist, Product Analytics position at DoorDash. We have successfully reviewed your background and would love to move you forward to our initial phone assessment phase. This will be a 45-minute video call via Zoom focusing on SQL mechanics and experiment design. Please use this Calendly link to select a time: [Link]. Looking forward to speaking!",real
"Hi Ashley, our mutual colleague, Dr. Aris, passed along your contact info and highly recommended your work in predictive sequence modeling. I'm currently leading the tech search for a Senior Data Scientist at Vertex Pharmaceuticals to work on clinical pipeline automation. The position is hybrid out of our Boston, MA office. Let's connect for a brief 10-minute phone call next Tuesday morning if you are free.",real
"Hi, I am Nina from Randstad Staffing. We are sourcing remote operators to optimize digital marketplace rankings. Earn $250 per day paid via Bitcoin or direct wire. Connect via Telegram: @randstad_marketplace_tasks",fake
Hi! Looking for a secondary income source? We provide high-paying remote roles. Earn up to $600/day by completing e-commerce product audits. No formal interview needed. Join our Telegram channel: @ecom_audit_specialists,fake
"Dear Candidate, Thank you for participating in the final interview round for the Data Scientist position at Zoom. Our hiring committee is currently reviewing feedback from all the interviewers. We expect to make a final decision and get back to you with an update by Friday afternoon. Thank you again for investing your time with us throughout this process. Sincerely, Zoom Talent Acquisition.",real
"Congratulations, your application for the Remote Data Clerk position has been short-listed. The pay is $40 per hour. Please contact our HR representative via Telegram at @hr_placement_desk to receive your employment letter.",fake
Urgent hiring! Earn $500 daily working from home. No experience required. We train you. Positions are limited. Contact us on WhatsApp: +12025550143.,fake
"Hi Tyler, I am a recruiter at Lyft. I was reviewing profiles with strong causal inference and network optimization backgrounds, and your experience running large-scale marketplace experiments caught my eye. Our Pricing and Incentives Data Science team is tackling some complex problems right now, and I think you'd be a phenomenal addition. Are you open to a 15-minute call this week? Thanks!",real
"Hi Evelyn, I hope this message finds you well. I'm reaching out from the University Recruiting team at Microsoft. We have reviewed your application for the Data Science Internship for Summer 2026. We are excited to invite you to complete a 45-minute technical screen focusing on data manipulation and probability. Please check your email inbox for an invite from our testing partner, HackerRank. Best regards, Microsoft Recruiting.",real
"Hi Megan, following up on our phone screening last Tuesday, the hiring manager for the Data Platform Team at Databricks was incredibly impressed with your background in distributed systems and PySpark ETL pipelines. We would love to invite you to a 60-minute technical session covering data structures and system architecture next week. Let me know which of these time slots work best. Best, Mark Robinson.",real
"Dear Candidate, thank you for your interest in the Associate Data Scientist position at Capital One. We have received your application and would like to invite you to complete our mandatory Online Power Day Assessment, which includes a case study interview and a coding evaluation. Please check your candidate portal for preparation materials and your official testing window. Best regards, Capital One Campus Recruiting.",real
Immediate opening for a Remote Data Archiver. Earn $3500 a month working part-time. Equipment will be shipped to you after you deposit our corporate check. Message us on Telegram @archiver_job_space to get started.,fake
"Hello, your profile was recommended to us for a high-paying remote role. We pay $50/hour for basic data management. You must have Telegram to chat with the supervisor. Search for @work_from_home_panels",fake
"Dear Candidate, thank you for taking the time to interview with us for the Data Analyst position at ZoomInfo. We thoroughly enjoyed meeting you and learning more about your background in B2B data modeling. While the team was impressed by your skills, we have decided to move forward with another candidate whose experience slightly closer aligns with our current tech stack. We will keep your details on file. Sincerely, ZoomInfo Talent Team.",real
JOB EXCLUSIVE: Remote Content Auditor needed. $46/hour. Completely autonomous hours. Must use WhatsApp to stay in contact with the supervisor. Add +17185550191 to process your initial application.,fake
"Dear Candidate, thank you for your interest in the Associate Data Scientist position at Discover Financial. We have received your application and would like to invite you to complete our mandatory Online Assessment, which covers analytical reasoning and standard python manipulation. Please review your candidate portal for prep guides and your assigned testing window. Best regards, Discover Campus Recruiting.",real
"Hello job seeker! We have an immediate opening for a home-based office assistant. Salary is $35/hr during a 1-week online training period, moving to $50/hr afterwards. To set up your textual interview, please install the Signal app and add +14155550122.",fake
"Hi Amber, thank you for speaking with our hiring manager yesterday regarding the Product Analyst role at Squarespace. We thoroughly enjoyed hearing about your metric framework designs. We are currently finishing up first-round conversations and expect to provide you with an update regarding the next loop by mid-week. Please let us know if you have any questions in the meantime. Best, Squarespace Talent Team.",real
"Hi Paige, I am a recruiter at Juniper Networks. I saw your presentation on network telemetry classification at a local tech meetup. Our Advanced Analytics team is currently looking for an Analytics Specialist with deep time-series modeling skills. This position can be based out of our Sunnyvale, CA headquarters or fully remote within the US. If you're open to exploring roles, let's set up an intro chat. Thanks, Mark.",real
Urgent work from home assignment! Earn $400-$800 daily. Data cloud labeling and testing assignments. Completely legal. Payouts via digital wallet or bank. Contact via WhatsApp +12125550193.,fake
"Hi Michael, I noticed your background in machine learning and NLP at University of Toronto while searching for talent on LinkedIn. We have an open role for an ML Engineering Intern at Cohere for Summer 2026, and I think your experience with BERT and LLM fine-tuning makes you a great fit. If you're interested, please apply directly through this personalized portal link, or reply with your updated resume. Best regards, David Chen, University Recruiting.",real
"URGENT CAREER OPENING: Remote Operations Assistant. $45/hr. Full health benefits provided. To set up your mandatory text screening, please install Telegram and message our user account @corporate_hiring_desk.",fake
"Hi Derek, I am a technical sourcer at Discord. I saw your open-source projects on real-time audio telemetry processing and data pipelines. Our Core Data Science team is looking for an ML Engineer to work on safety and voice feed optimization. This is a full-time role based in San Francisco, CA. Let me know if you have time this week for an exploratory video call. Thanks, Dave.",real
"Hi Justin, I'm a technical recruiter at Shopify. I came across your portfolio website and really enjoyed reading your detailed write-ups on customer lifetime value modeling. We are expanding our Merchant Analytics team and are looking for intermediate to senior data scientists. The role is fully remote within Canada. Let me know if you'd be open to a 15-minute introductory call this week. Cheers, Liam.",real
"Hi Nathan, I came across your profile while searching for Data Scientists with expertise in time-series forecasting and ML pipeline scaling. I am a talent partner at Twilio, and our core analytics infrastructure group is expanding. I'd love to organize a 15-minute introductory call next week to walk through what we are building and learn more about your career interests. Let me know if you have availability on Tuesday or Wednesday. Best, Sarah Davis.",real
"Hi Brandon, I'm a recruiter at Uber. I was reviewing engineering profiles with explicit specialization in causal inference and network pricing architecture, and your project portfolio stood out immediately. Our Marketplace Dynamics Data Science group is resolving some highly complex routing problems and we believe you would be an excellent addition. Are you available for a 15-minute chat this week? Cheers, Liam.",real
"Hi Marcus, I'm a technical recruiter at Shopify. I came across your portfolio website and really enjoyed reading your detailed write-ups on customer lifetime value modeling. We are expanding our Merchant Analytics team and are looking for intermediate to senior data scientists. The role is fully remote within Canada. Let me know if you'd be open to a 15-minute introductory call this week. Cheers, Liam.",real
"Hi Colin, I hope you're having an excellent week. I am a recruiter at Unity Technologies, and I am currently sourcing for a Data Engineer to join our monetization infrastructure group. I noticed your experience scaling high-throughput data streams using Spark, Flink, and Snowflake. I'd love to jump on a short call to share the technical challenges we face and see if it aligns with your career goals. Let me know!",real
"Hi Chloe, I am a recruiter at Paramount+. I saw your profile and noticed your extensive experience building subscriber churn and user lifetime value models for digital media platforms. We have a Data Scientist opening on our Streaming Data Insights team that looks like an incredible match for your background. Let me know if you are free for a brief 15-minute phone call this week. Best, Marcus.",real
"Dear Candidate, Your profile has been approved for a part-time remote optimization specialist role. Your primary duty is to boost app store product visibility. Earn 150 USDT per day. Paid daily to your crypto wallet. Connect on Telegram: @app_boost_ventures.",fake
Hello! I am a senior HR at Capgemini. We have reviewed your background on LinkedIn and are offering a part-time remote data processing role. Salary is $45 per hour. Please contact our coordinator on Telegram: @capgemini_recruitment_hub.,fake
"Hello, I am the lead HR at Amazon Logistics. Your resume fits our core criteria for a remote inventory tracking assistant. Salary is $39 per hour. Please contact our digital onboarding desk on WhatsApp immediately: +17025550167 to lock in your position.",fake
JOB DEAL: Remote Data Reviewer needed. $45/hour. Work anytime you want. Must have WhatsApp for communication with the team. Add +17185550148 to start your application processing.,fake
"Hi Vanessa, I'm a recruiter at LinkedIn. I noticed your impressive background in building trust and safety metrics at your current company. We are currently looking for a Senior Data Scientist to join our Ecosystem Quality team in Sunnyvale. Your profile stands out as an excellent technical fit. Would you be open to an introductory 15-minute sync this Tuesday or Wednesday? Best, Andrew.",real
"Hi Sophia, I hope this message finds you well. I'm reaching out from the Talent Acquisition team at Wayfair. We have an immediate opening for a Supply Chain Data Analyst. I noticed your internship at Amazon focused heavily on inventory optimization and inventory forecasting pipelines, which aligns perfectly with this role. I’d love to set up an initial phone screen. Let me know if you're interested. Best, Kevin.",real
"Good day, I am a recruiter from Randstad. We have an immediate opening for an online data coordinator. You can earn up to $3000 a week working just 10 hours. No technical skills required. Please connect with us on WhatsApp at +15125550198 for more details.",fake
"Hi Natalie, I hope you're well. I am a recruiter at Etsy, and I am currently looking for a Product Data Scientist to support our search and discovery team. I noticed your background at eBay working on e-commerce search algorithms, which is incredibly relevant to our current initiatives. I would love to jump on a quick call to share more about the team culture and scope. Let me know if you're available. Thanks, Tom.",real
"Urgent hiring! Earn $400 daily from home by completing simple data tasks. No interview, start immediately. Flexible hours. Add Telegram username: @global_earn_tasks",fake
"Hi Chloe, I am a recruiter at Warner Bros. Discovery. I saw your profile and noticed your experience building user churn prediction models for streaming platforms. We have a Data Scientist position open on our Max streaming analytics team that sounds like a great match for your skillset. If you are open to learning more, let me know when you are free for a brief 15-minute phone call. Best, Marcus.",real
"Hi, I'm Sofia from the TikTok content promotion department. We are looking for remote freelancers to help creators increase video likes and rankings. Make $200-$500 per day working from home. Use your phone. Contact us on WhatsApp link: wa.me/19175550192",fake
Urgent work from home job! Earn $500-$1000 daily. Data optimization and cloud testing tasks. Safe and legal. Payout via crypto or bank. Contact WhatsApp +12125550164.,fake
Attention: Your application on ZipRecruiter has progressed to the next evaluation stage. You are scheduled for an immediate online text screening via Skype or Telegram. Please add our coordinator at @global_recruitment_hub. Failure to respond in 24 hours cancels your application.,fake
"Dear Candidate, Thank you for taking the time to complete the coding challenge for the Data Engineer position at Square. We are pleased to let you know that you have been selected to move forward to the technical interview round. This will be a 60-minute session via Google Meet where we will discuss your approach to data modeling and system design. Please use this link to schedule your slot. Best, Square Recruiting.",real
"Dear Job Seeker, Your profile has been selected for an online product optimization assistant role. Work 1-2 hours a day and earn 100-300 USDT daily. Paid directly to your crypto wallet. Connect via Telegram username: @crypto_tasks_recruiting",fake
"Hi, this is Chloe from Apex Systems. We have an urgent contract opening for a Remote SQL Developer. Pay is $90/hr. No interview needed, selection based on your resume. Please click this link to fill out your bank details for direct deposit setup: http://apex-systems-portal-login.com/auth",fake
We are hiring Data Operators! Work only 2 hours a day from your smartphone or PC. Weekly salary is $1500 guaranteed. Must have an active bank account for daily payouts. Connect with our HR via WhatsApp +13125550112.,fake
"Dear Candidate, Thank you for your interest in the Analytics Engineer position at HashiCorp. This email is to confirm that we have successfully received your resume and our technical scouting team is actively executing a baseline evaluation. Due to high volumes, updates generally take 5 to 10 business days. You can monitor your application profile inside the HashiCorp candidate portal. Warmly, HashiCorp Talent Acquisition.",real
"Hi Gabriel, I am currently leading the search for a Principal Data Scientist for a growing healthcare technology company based in Austin, TX. I found your profile and was impressed by your 8+ years of experience deploying predictive health models into production environments. The position offers competitive base pay, bonus, and full benefits. Let me know if you'd be open to a brief confidential chat. Best, Robert Half Executive Search.",real
"Hi Ethan, I am a tech recruiter at Riot Games. I noticed your GitHub repository where you modeled player behavior and matchmaking dynamics using reinforcement learning. Our Game Data Science team is looking for someone with a strong passion for gaming and advanced statistical skills. If you are open to a chat, I’d love to tell you more about our current projects and open roles. Best, Eric.",real
Good morning. I am a hiring representative from Manpower Group. Your resume was chosen for a remote document processing position. Compensation is $38/hour. The screening will be held on Telegram. Search for @manpower_group_careers to begin.,fake
"Hi Ashley, our engineering manager, Dr. Patel, came across your technical blog post regarding distributed training optimization and recommended I reach out. I am currently leading the talent search for a Staff ML Engineer at NVIDIA to work on next-generation compiler architecture. The position is based in Santa Clara, CA with hybrid flexibility. Do you have some time for a brief call next Monday? Best, David.",real
"Dear Applicant, You have been shortlisted for an online text interview with Wipro for the position of Remote IT Support / Data Input. The interview will be conducted via Telegram text chat. Add @wipro_talent_desk to begin your screening.",fake
"Dear Job Seeker, We found your CV on an online database. We are offering a remote position as a Data Processing Coordinator. Pay is $50/hr. To begin the written interview questionnaire, please add our supervisor on WhatsApp: +12065550119.",fake
"Hi Priya, I am currently looking for a Lead Data Scientist for a prominent financial tech company based in New York City (hybrid model). Your profile showed up during my search for leaders with experience scaling data teams and deploying fraud detection models. The base salary range is $180k-$220k plus equity. If this sounds like something you'd want to learn more about, let's schedule a confidential call. Best, Robert Half Technology Recruitment.",real
"Hello friend, are you interested in a part-time remote job? Work from home 1-2 hours a day and earn $1200 weekly. Tasks are very simple data organization. Contact our assistant on WhatsApp: +16195550199.",fake
"Hi David, I am a technical sourcer at Google. I saw your presentation on scalable graph neural networks at the last NeurIPS conference. Our Core Infrastructure team is looking for a Research Scientist with exactly your expertise. This would be a full-time position based in Mountain View, CA. If you are open to exploring new opportunities, please let me know your availability for an exploratory call. Thanks, Jessica Taylor.",real
"Hi, I'm a talent acquisition specialist. We have a Data Scientist opening that pays $150/hr, completely remote, flexible hours, no experience required. We just need you to complete a brief text screening on Signal app. Message us at +12065550155.",fake
"Hi Lily, I am a recruiter at Warner Bros. Discovery. I saw your profile and noticed your experience building user churn prediction models for streaming platforms. We have a Data Scientist position open on our Max streaming analytics team that sounds like a great match for your skillset. If you are open to learning more, let me know when you are free for a brief 15-minute phone call. Best, Marcus.",real
"Hi Daniel, I am a technical sourcer at Google. I saw your paper on distributed gradient routing at the last ICML conference. Our Core Infrastructure team is looking for a Research Scientist with exactly your domain expertise. This is a full-time position based out of Mountain View, CA. If you are open to exploring new opportunities, let me know your availability for an exploratory sync. Thanks, Jessica Taylor.",real
"Hi Alyssa, thank you for taking the time to speak with our hiring team yesterday regarding the Business Intelligence Analyst position at HubSpot. We enjoyed hearing about your data visualization projects. We are currently interviewing a few more candidates for this round and expect to provide you with an update on next steps by early next week. Please don't hesitate to reach out if you have any questions. Best, HubSpot Recruiting.",real
"Hi Christian, I'm a technical recruiter at PayPal. I came across your profile while sourcing for our Core Fraud Analytics team. I noticed your background in building real-time transaction monitoring systems using graph databases and XGBoost models. I would love to hop on a short 15-minute phone call this week to tell you more about our current initiatives and see if it's a fit. Let me know your availability. Best, Lisa.",real
"Hi Ryan, I hope you are having a productive week. I am a talent partner at Datadog, and I'm currently sourcing for an Analytics Engineer to join our Product usage team. I noticed your experience building scalable dbt models and Looker dashboards at your current company. I'd love to share more details about the technical roadmap for this group. Let me know if you have time for a brief sync. Thanks!",real
"Dear Job Seeker, We discovered your resume on an open job board. We are extending a remote offer for a Data Formatting Coordinator role. Pay is $48/hr. To begin your written interview questionnaire, please message our team on WhatsApp: +12065550144.",fake
"Hi Vikram, I am currently leading the search for a Lead Data Scientist for a prominent financial tech company based in New York City (hybrid model). Your profile showed up during my search for leaders with experience scaling data teams and deploying fraud detection models. The base salary range is $180k-$220k plus equity. If this sounds like something you'd want to learn more about, let's schedule a confidential call. Best, Robert Half Technology Recruitment.",real
Congratulations! You are selected for employment at UnitedHealth Group as a remote data clerk. Your training begins tomorrow. We will send you a check to buy an Apple iPad and scanning software. Please send a screenshot of your bank account balance to confirm you can deposit the check.,fake
"Hi Alex, I came across your GitHub repository for the transformer-based forecasting project and was really impressed by your implementation. I'm a technical recruiter at Stripe, and our Risk Data Science team is currently expanding. I'd love to jump on a quick 15-minute call this week to share more about what we're building and see if it aligns with your career goals. Let me know if you have some time on Thursday or Friday. Best, Sarah.",real
"Hi David, I am a technical recruiter at Elastic. I stumbled upon your technical presentation regarding Elasticsearch scaling matrices from the last major conference. Our Core Search Infrastructure group is looking for a Senior Data Scientist with a passion for high-volume text pipelines. This full-time role is based out of our Austin, TX tech hub. Let me know if you are open to an introductory chat. Thanks, Keith.",real
"Dear Candidate, Thank you for attending the initial technical interview for the Machine Learning Engineer position at Scale AI. The interview panel was very impressed with your coding efficiency and depth of knowledge in computer vision. We would like to invite you to the final virtual onsite round, which will take place next week. Our coordinator will reach out shortly to coordinate your schedule. Best, Scale AI Talent Team.",real
"Dear Candidate, Thank you for speaking with our team during the initial screening call for the Data Engineer position at Confluent. We enjoyed learning about your experience managing large-scale Kafka clusters. We would love to advance you to a technical interview with our infrastructure lead engineer. Please use this link to indicate your availability over the coming week: [Link]. Best regards, Confluent Recruiting.",real
"Good day, I'm a talent broker from Korn Ferry. We have a direct opening for a remote data verification clerk. Earn $2500 a week. No prior training needed as we offer paid induction. Connect on WhatsApp at +15125550123 for application steps.",fake
"Hi Fiona, I hope this message finds you well. I'm reaching out from the University Recruiting team at Microsoft. We have reviewed your application for the Data Science Internship for Summer 2026. We are excited to invite you to complete a 45-minute technical screen focusing on data manipulation and probability. Please check your email inbox for an invite from our testing partner, HackerRank. Best regards, Microsoft Recruiting.",real
Congratulations! You have been accepted for employment at Anthem Health as a remote processing clerk. Your training materials are ready. We will send you a digital check to acquire an iPad and scanning software. Send a screenshot of your mobile banking deposit screen to confirm.,fake
"Hi Lauren, I saw your LinkedIn update about finishing your Master's in Data Science at NYU. Congratulations on the milestone! I am a campus recruiter at EY, and we are actively looking for entry-level consultants for our Advanced Analytics practice in New York. If you are open to exploring consulting roles, I'd love to coordinate an introductory call to share our upcoming program dates. Best, Alyssa Cole.",real
"Congratulations, your background profile for the Remote Data Entry role has been approved. The pay rate is $42 per hour. Please contact our placement office via Telegram at @placement_desk_hr to secure your offer letter.",fake
Work from home job notification! Process standard digital forms from the comfort of your couch. Earn $2500 weekly. We mail you a certified check for your software tools. You purchase from our verified vendor. Reply with your bank name to start.,fake
"Hello, I am Olivia from Adecco Recruiting. Are you interested in a flexible remote part-time job that pays $2000 weekly? If yes, reply 1 for more details.",fake
"Hi Natalie, I hope you are well. I am a recruiter at Instacart, and I am currently looking for a Product Data Scientist to support our Fulfillment Logistics group. I noticed your background at FedEx working on delivery route optimization, which is highly relevant to our core scaling initiatives. I would love to jump on a brief call to share our team culture and technical scope. Let me know if you're free. Thanks, Tom.",real
"Good day, I'm an independent agent working with Randstad Staffing. We are hiring remote data logging operators immediately. Compensation is $3000 weekly for 15 hours of work. No tech skills needed. Connect with us via WhatsApp at +15125550165 for registration details.",fake
"We found your profile on LinkedIn and think you are perfect for our Data Analyst role. The job is 100% remote. We will provide you with a laptop and all necessary equipment. A check will be mailed to you to purchase these items from our approved vendor. Please reply with your full name, email, and phone number to start.",fake
Greetings! Earn easy money working from home. Just 1 hour a day reviewing movies. High commission paid daily. Over $2000 a week possible. No experience needed. Contact via WhatsApp: wa.me/14155550106,fake
"Hello Jobseeker, We reviewed your resume online and want to onboard you as a Remote Support Assistant. Base salary is $44/hr. Please text our hiring staff on Signal app at +13055550142 to complete your compliance documentation.",fake
"Hi, this is Robert from Teksystems. We have an immediate contract opening for a Remote Database Assistant. Pay rate is $85/hr. Direct selection based on your profile, no technical rounds required. Click here to submit your banking details for immediate payroll setup: http://teksystems-hr-portal.com",fake
"Dear Applicant, thank you for applying for the Technology Analyst position at Goldman Sachs. We have successfully received your application and would like to invite you to complete our mandatory HackerRank engineering assessment. The test will evaluate your data structures knowledge and problem-solving skills. You will have 5 days from today to complete the test via the unique link sent. Best, Goldman Sachs Recruiting.",real
OFFER FROM IBM! We are pleased to inform you that your resume has been shortlisted for a Remote Office Admin position. Pay is $50/hour. This is a 100% remote job. Please download Signal app and message our HR representative at +14155550109.,fake
Greetings! Make extra cash working completely from home. Spend 1 hour a day evaluating digital media. High daily commission architecture. Over $1500 a week achievable. No background required. Contact via WhatsApp: wa.me/14155550189,fake
"Dear Candidate, Thank you for completing the technical assessment for the Junior Data Scientist position at Spotify. We are pleased to inform you that you passed the assessment, and we would like to invite you to the final round panel interview. This will consist of three 45-minute sessions covering coding, machine learning theory, and a behavioral fit. Our coordinator will reach out shortly with a scheduling link. Kind regards, Spotify Recruitment Team.",real
"Hi Gavin, I hope you are doing well. I'm a technical recruiter at Electronic Arts (EA). I came across your portfolio and was impressed by your telemetry analysis projects for competitive esports. Our Player Insights team is currently hiring a Senior Data Scientist. I'd love to connect and share more about how we use data to improve player experiences. Let me know if you have some time to chat this week. Best, Megan.",real
"Dear Applicant, You have been shortlisted for an online interview with Wipro for the position of Remote IT Support / Data Input. The interview will be conducted via Telegram text chat. Add @wipro_desk to begin your screening.",fake
"Hi Chloe, thank you for taking the time to apply for the Machine Learning Research role at OpenAI. We have carefully evaluated your academic publications and engineering background. While your work is deeply impressive, we are prioritizing candidates with more specific experience in massive-scale distributed training for this particular cohort. We will keep your portfolio on file for future openings. Best, OpenAI Recruiting.",real
"Dear Candidate, I am a recruiter from Infosys. We have reviewed your background and want to offer you a Data Analyst position. The interview will be done entirely through WhatsApp text messaging. Please add our supervisor at +16465550177.",fake
"Hi! I am an internal sourcer from Insight Global. We have a direct-hire remote Data Analytics assistant position open. No coding rounds, just a short questionnaire via WhatsApp. Pay is $50/hr. Reach out to +16175550122 immediately.",fake
"Hi Daniel, I am a technical sourcer at Apple. I saw your contributions to the Apache Arrow project and was highly impressed by your optimization work. Our AI/ML Infrastructure team is looking for a Senior Software Engineer with a passion for high-performance data systems. This is a full-time position in Cupertino, CA. Let me know if you are open to an exploratory conversation. Best, Jessica.",real
"Hi Austin, I'm a talent partner at Twitch. I saw your open-source video analytics framework on GitHub and wanted to reach out. Our Content Engineering group is looking for a Senior Data Scientist who is passionate about real-time telemetry and user behavior modeling. If you are open to a confidential conversation about what we are building for 2026, let's connect. Thanks, Chris.",real
"Hi Ethan, I came across your LinkedIn profile while looking for Machine Learning Engineers with strong MLOps and Kubeflow experience. I'm a talent acquisition partner at DoorDash, and our Logistics ML team is expanding rapidly. We are looking for engineers who can build and deploy real-time routing models. Let me know if you have 10-15 minutes for an introductory chat this week. Best, Maya Patel.",real
"Hi, I am Clara from Kelly Services Recruiting. Are you looking for a flexible remote job that fits your schedule? We have data logging positions open paying $35/hr. Reply with your resume to start an immediate text screening.",fake
"Dear Candidate, thank you for taking the time to interview with us for the Data Analyst position at Salesforce. We thoroughly enjoyed meeting you and learning more about your background in enterprise data modeling. While the team was impressed by your execution, we have decided to move forward with another candidate whose current tech stack experience matches our needs slightly closer. We will keep your details on file. Sincerely, Salesforce Talent Team.",real
"Dear Job Seeker, Your resume has been evaluated by our recruitment team for the Remote Product Evaluator position. The starting pay is $55/hr during training and $75/hr after training. The company will send you a certified check to set up your home office. Please reply to this email to receive your interview questionnaire.",fake
"Hello, would you like to earn extra income? Our platform optimizes vacation rental ratings. Work 1 hour daily and earn up to 250 USDT. A digital wallet is required. Contact @rental_rating_rewards on Telegram for details.",fake
"CONGRATULATIONS! You have been selected for employment at Novartis as a remote records clerk. Base salary is $7,000/month. Before shipping your company-issued laptop, you must transfer a $100 activation fee via crypto or gift card. Reply ASAP.",fake
"Hi Paige, I hope you're doing well. I'm a recruiter at Pinterest, and I'm currently looking for an ML Data Scientist to join our Ads Ranking team. I noticed your published work on recommendation systems and deep learning. Your academic and practical background seems like a fantastic match for the technical challenges our team faces. Would you be open to a brief connection call this Thursday afternoon?",real
"Dear Applicant, thank you for your application for the Data Science Internship at Tesla. We are impressed by your academic achievements and your projects using computer vision for autonomous RC cars. We would love to schedule a 30-minute technical phone screen with one of our lead engineers. Please click the link below to select your preferred time slots. Best regards, Tesla University Recruiting.",real
"Hi Maya, I'm a technical recruiter at Slack. I saw your profile and noticed your background in building text classification models and working with unstructured communication data. We have an open Senior Data Scientist role on our Product Analytics team that focused heavily on collaboration metrics. If you're open to exploring new opportunities, I'd love to set up an introductory chat. Cheers, Justin.",real
"Hi Marcus, I noticed your impressive contributions to open-source anomaly detection frameworks and your background at University of Washington. I am a university sourcer at CrowdStrike, and we are currently evaluating applications for our Threat Analytics Data Science Internship for Summer 2026. Your background looks like an exceptional technical fit. If you are open to discussing this, please let me know your thoughts or reply with an updated CV. Kind regards, Alex Mercer.",real
"Hi Sophia, thank you for taking the time to apply for the Machine Learning Engineer position at Airbnb. We have carefully evaluated your resume and profile. While we are thoroughly impressed by your background, we have decided not to move forward with your application for this specific role as we are prioritizing candidates with more production-level MLOps experience. We will keep your resume on file for future opportunities that match your skillset. Best of luck, Airbnb Careers.",real
"Hi Jordan, I am a recruiter at IBM. I noticed you recently completed your AWS Certified Data Analytics credential and have a strong foundation in Python and big data tools. We have an opening for an Associate Data Developer within our IBM Consulting branch in Chicago. I’d love to chat and see if this aligns with your career goals. Let me know if you have some time this week. Best, Sarah Davis.",real
"URGENT WORK FROM HOME OPPORTUNITY: Make up to $3500 weekly by checking digital transaction logs from your smartphone. Hours are highly flexible, no past experience needed. Connect with our human resources team right away on WhatsApp at +12025550119.",fake
"Dear Applicant, Thank you for applying for the Business Intelligence Analyst role at Asana. We wanted to confirm that your application is under review by our talent acquisition team. We review profiles on a rolling basis and expect to send updates regarding the next evaluation round within the next 10 business days. You can track your application status in your candidate portal. Kind regards, Asana Recruiting.",real
"Urgent hiring! Make $450 daily from home by processing digital inventory logs. No structural interview, start tomorrow morning. Flexible shifts. Add our Telegram username: @global_inventory_tasks",fake
"Hi Zoe, I'm a recruiter at Qualcomm. I noticed your graduate research at UC San Diego focusing on hardware-accelerated machine learning models and edge computing. We have an open position for an AI Engineer on our Snapdragon processing team that matches your academic background perfectly. If you are open to exploring full-time opportunities post-graduation, let's schedule a call. Best, Richard.",real
"Hi Marcus, I am a tech recruiter at Riot Games. I noticed your GitHub repository where you modeled player behavior and matchmaking dynamics using reinforcement learning. Our Game Data Science team is looking for someone with a strong passion for gaming and advanced statistical skills. If you are open to a chat, I’d love to tell you more about our current projects and open roles. Best, Eric.",real
"Hi Claire, I'm a recruiter at Qualcomm. I noticed your graduate research at UC San Diego focusing on hardware-accelerated machine learning models and edge computing. We have an open position for an AI Engineer on our Snapdragon processing team that matches your academic background perfectly. If you are open to exploring full-time opportunities post-graduation, let's schedule a call. Best, Richard.",real
"Hi, I found your resume on ZipRecruiter and think you'd be exceptional for our remote data entry team. Compensation is $36 per hour. All office hardware is funded via a corporate check. Please send a message to @hr_ops_online on Telegram.",fake
"Hello friend! I see your profile on job board and want to offer good job. Remote data entry, $45 per hours. Very easy tasks. Payment every Friday. Contact hiring manager on Telegram username: @fast_hire_job",fake
We are onboarding remote processing agents! Work only 90 minutes a day using your computer or smartphone. Weekly earnings of $1200 guaranteed. Requires a verified bank account for direct deposit. Message our HR via WhatsApp +13125550199.,fake
Urgent response required. Your application for the remote data specialist role has been accepted. You need to download Telegram and message our HR director @recruiter_helena within 12 hours or the position will be given to another candidate.,fake
"OFFER FROM MICROSOFT HR DEPARTMENT! Congratulations, your profile was chosen for our remote data optimization pilot program. Weekly compensation is $1800. To receive your sign-on paperwork and equipment instructions, download Telegram and message @microsoft_pilot_desk.",fake
"Dear Applicant, thank you for your interest in the Business Intelligence Engineer position at Amazon. We have received your application and would like to invite you to complete our online analytical reasoning assessment. This test evaluates your SQL proficiency and interpretation of complex business metrics. You will find instructions and prep materials in your Amazon Jobs candidate portal. Best, Amazon Global Talent Acquisition.",real
"Hi Chloe, I'm a recruiter at Uber. I stumbled upon your profile while looking for data scientists with strong causal inference and A/B testing backgrounds. Your work at your previous firm seems directly relevant to what our Rides Marketplace team is tackling right now. Are you open to a brief chat this week to hear about what we are working on? Let me know, thanks!",real
"Dear Candidate, thank you for submitting your application for the Data Science Fellowship at Insight. We are writing to let you know that the application deadline has passed, and our admissions committee is actively reviewing all profiles. We expect to send out invitations for the technical interview phase by the end of next week. We appreciate your patience during this process. Sincerely, Insight Admissions Team.",real
"Hi Caleb, I am a technical sourcer at Twitch. I saw your open-source projects on streaming video analytics and telemetry processing. Our Content Science team is looking for an ML Engineer to work on real-time recommendation feeds. This is a full-time position based in San Francisco, CA. Let me know if you have some time this week for a brief, exploratory video call. Thanks, Dave.",real
"Hi, this is Jessica from Aerotek. We have a remote data analysis position opening up immediately. Pay is $60/hr. The position requires you to message our coordinator on WhatsApp at +14045550133 for a chat interview.",fake
"Hi Justin, I'm a technical recruiter at Squarespace. I stumbled upon your GitHub profile and really enjoyed looking at your open-source data visualization utilities. We are expanding our Growth Analytics group and are searching for mid-level data analysts. The position is hybrid out of our NYC office. Let me know if you'd be open to a quick 15-minute intro chat this week. Cheers, Liam.",real
"Hi, I'm an independent talent acquisition agent. We have an immediate Remote Research Associate opening that pays $120/hr. Flexible workload, no past experience needed. We just need you to complete a text-based interview on Signal app. Add us at +12065550192.",fake
"Hi Colin, I hope you're having a great week. I am a recruiter at Epic Games, and I am currently sourcing for a Data Engineer to join our infrastructure team. I noticed your experience optimizing massive data pipelines using Spark, Kafka, and Snowflake. I’d love to jump on a short introductory call to share more about the scale of data we handle and see if it aligns with your interests. Let me know, thanks!",real
"Hi Chloe, I came across your GitHub repository containing the graph neural network framework for fraud detection. I'm a technical recruiter at Plaid, and our Risk Infrastructure team is currently expanding our data team. I'd love to jump on a quick 15-minute call this week to share more about our data stack and see if this aligns with your professional interests. Let me know your availability for Thursday or Friday. Best, Sarah Jenkins.",real
"Hi Christian, thank you for applying for the Data Infrastructure Engineer position at Pinterest. We appreciate the time and effort you put into your application. After careful review, we regret to inform you that we are moving forward with other candidates whose experience more closely matches our current technical needs. We wish you the best of luck in your job search. Sincerely, Pinterest Recruiting Team.",real
"Hi Gavin, I hope you are doing well. I'm a technical recruiter at Take-Two Interactive. I came across your portfolio and was thoroughly impressed by your telemetry logging structures for competitive multiplayer environments. Our Analytics group is currently hiring a Senior Data Scientist. I'd love to connect and share more about how we utilize telemetry to optimize gameplay. Let me know if you have time to chat. Best, Megan.",real
"Hi Ian, I'm a technical recruiter at Visa. I came across your profile while sourcing for our Core Fraud and Risk Analytics group. I noticed your background in building transaction monitoring systems using graph-based models and gradient boosted trees. I would love to hop on a short 15-minute introductory call this week to tell you more about our current engineering roadmap. Let me know your availability. Best, Lisa.",real
Hello! I am a recruiting manager from Capgemini India / US. We saw your CV on a public directory and are pleased to offer you a work-from-home position as an online data processor. The pay rate is $40 per hour. Please contact us on Telegram at @capgemini_online_hr to start your screening right now.,fake
"Dear Applicant, thank you for applying for the Data Scientist position at Tripadvisor. We want to let you know that our talent acquisition team is currently evaluating engineering profiles for this cohort. We expect to begin contacting shortlisted candidates for initial technical phone screens over the coming two weeks. Your application status will update automatically in the portal. Thank you, Tripadvisor Talent Acquisition.",real
"Hi Lucas, I am a technical recruiter at Pinterest, focusing on our Safety and Trust engineering groups. Given your strong professional background in automated content moderation and anomaly detection pipelines, I thought you would be highly interested in the work our Trust Science team is doing. The role is based in San Francisco, CA. Let me know if you have time for a brief introductory call. Best, Emily.",real
"Dear Candidate, I am an HR coordinator from Tata Consultancy Services. We have reviewed your background and would like to offer a Remote Data Processing position. The selection process is entirely text-based on WhatsApp. Add our team leader at +16465550131.",fake
"Hi Rachel, I'm a corporate recruiter at Target. I came across your resume while looking for supply chain data analysts. Your background in demand forecasting and warehouse logistics optimization at DHL looks fantastic. We have a Senior Analyst position open at our Minneapolis headquarters (with flexible hybrid options). If you are open to a new opportunity, I'd love to connect. Best, Sarah Jenkins.",real
Hi! I am a recruitment coordinator from Allegis Group. We have a fully remote Data Clerk role that pays $60/hr. There is no formal technical interview. You just need to answer a series of text questions on Telegram. Add @allegis_recruiter_text.,fake
"Hi Brandon, I'm a corporate recruiter at Atlassian. I saw your profile and noticed your deep experience with SQL, Python, and cloud infrastructure optimization. We have a Senior Data Scientist position open on our Jira Product Analytics team that aligns incredibly well with your technical skill set. If you are open to discussing new roles, I'd love to share the position breakdown. Let me know your thoughts. Best, Rachel.",real
Good morning. I am a hiring manager from Robert Half. Your resume has been selected for a remote clerical position. Pay is $35/hour. The interview will hold on Telegram. Download the app and search for @roberthalf_recruiting to chat with Mr. David.,fake
"Hi Chloe, thank you for applying to the Machine Learning Engineer position at Airbnb. We have carefully reviewed your resume and profile. While we are thoroughly impressed by your background, we have decided not to move forward with your application for this specific role as we are prioritizing candidates with more production-level MLOps experience. We will keep your resume on file for future opportunities that match your skillset. Best of luck, Airbnb Careers.",real
Attention Applicant: Your profile on CareerBuilder has been successfully passed to the next round. You are requested to attend a text-based screening via Skype or Telegram. Add the coordinator at @global_tech_talent. Must reply within 12 hours.,fake
"URGENT CAREER OPPORTUNITY: Remote Data Entry Operator. $48/hr. Paid training. Medical, dental, and 401k provided. To set up your interview, please install Telegram and message @career_hiring_manager.",fake
Hello! I am a representative from HR Department. We have reviewed your CV on Indeed and are happy to offer you a remote position as a Data Optimization Assistant. The pay is $35-50 per hour. Please download Telegram and message our hiring manager @hr_recruiter_team to start your text interview immediately.,fake
"Hi there, thank you for your interest in the Senior Data Engineer role at Stripe. We have successfully received your application and reviewed your engineering experience. We are excited to move you forward to the first round, which will be a 60-minute technical interview focusing on system design and data architecture. Please use this link to schedule your chat: [Link]. Best regards, Stripe Talent Team.",real
"Dear Applicant, thank you for applying for the Data Scientist position at Expedia Group. We want to inform you that our hiring managers are currently evaluating resumes for this pool. We expect to begin reaching out to selected candidates for initial phone screenings over the next two weeks. You will receive an automated email as soon as there is an update on your profile. Thank you, Expedia Talent Acquisition.",real
"Hi Owen, I hope you are doing well. I'm a technical recruiter at Electronic Arts (EA). I came across your portfolio and was impressed by your telemetry analysis projects for competitive esports. Our Player Insights team is currently hiring a Senior Data Scientist. I'd love to connect and share more about how we use data to improve player experiences. Let me know if you have some time to chat this week. Best, Megan.",real
"Hi, this is Ryan from Apex Systems. We have a direct contract vacancy for a Remote Data Entry Clerk. Compensation is $80/hr. No technical rounds, direct selection based on your profile. Click this link to provide your bank account numbers for payroll direct deposit: http://apex-systems-careers-portal.com",fake
"Hi Ian, I'm a technical recruiter at PayPal. I came across your profile while sourcing for our Core Fraud Analytics team. I noticed your background in building real-time transaction monitoring systems using graph databases and XGBoost models. I would love to hop on a short 15-minute phone call this week to tell you more about our current initiatives and see if it's a fit. Let me know your availability. Best, Lisa.",real
"Hi Amber, thank you for taking the time to speak with our hiring team yesterday regarding the Business Intelligence Analyst position at HubSpot. We enjoyed hearing about your data visualization projects. We are currently interviewing a few more candidates for this round and expect to provide you with an update on next steps by early next week. Please don't hesitate to reach out if you have any questions. Best, HubSpot Recruiting.",real
"Hello, I am a talent recruiter. We are offering a 100% remote data entry position paying $45/hr. To proceed with the background check, please click this link and enter your credit card info for a temporary $1 verification charge: http://identity-verify-hr.com",fake
"Hi Christian, thank you for applying for the Data Infrastructure Engineer position at Box. We appreciate the time you invested in our application process. After a thorough review of your technical background, we regret to inform you that we are moving forward with other candidates whose experience more closely matches our immediate infrastructure requirements. We wish you the best. Sincerely, Box Recruiting Team.",real
"Urgent Data Entry position open. $40/hr. Full benefits after 30 days. Equipment provided by company. To apply, click this link and complete the credit check verification process to ensure eligibility: http://secure-identity-check-jobs.net",fake
URGENT OPENING: Work From Home Administrative Data Clerk. Pay: $45.00/hour. Flexible shifts. The interview will take place entirely via text messages on Telegram app. Please message @admin_recruitment_desk immediately to secure your slot.,fake
Attention: Your application on ZipRecruiter has been approved. You are scheduled for an online text interview via Skype or Telegram. Please add the hiring coordinator at @career_tech_hr. Failure to respond within 24 hours will result in cancellation of your application.,fake
"Hello! This is a fantastic opportunity to work entirely from home. We need data transcribers to log shipping manifests. Pay is $300 daily via PayPal, Venmo, or Crypto. If interested, please reply with your full legal name, mobile number, and SSN for immediate verification.",fake
"Urgent Hiring for Remote Administrative Assistant. Salary: $45.00 - $60.00 per hour. Hours are flexible. This job can be done part-time or full-time. To apply, please message our HR team on WhatsApp at +18185550139.",fake
Hello! Do you want a high-paying side job? Our system optimizes boutique hotel rankings. Work 1 hour a day and make 200 USDT. Digital crypto wallet required. Message @hotel_rating_income on Telegram for step-by-step instructions.,fake
"Dear Candidate, Thank you for completing the technical coding assessment for the Junior Data Scientist position at Wayfair. We are happy to let you know that you passed the initial screen, and we would like to invite you to our virtual panel interview. This will include two 45-minute technical sessions and one behavioral round. A coordinator will reach out shortly to finalize dates. Sincerely, Wayfair Careers.",real
"Dear candidate, we are pleased to confirm you are selected for the remote role of Junior Data Reviewer. Starting compensation is $48/hour. To finalize your employment contract, please send your banking routing and account number for direct deposit setup.",fake
"Hi Julian, I hope your week is going well. I am a technical recruiter at Oracle. I came across your profile while looking for cloud data engineers with extensive experience building data lakes using OCI or AWS. Your profile caught my eye because of your hands-on experience with multi-terabyte data migrations. I'd love to share the scope of our new cloud infrastructure team with you. Let me know if you have time for a short call. Best, Sarah.",real
"Dear Candidate, Your profile has been selected for a flexible part-time remote job. You will be helping international companies optimize their application rankings. It only takes 1-2 hours a day. Salary paid daily via USDT crypto wallet or bank transfer. Contact Telegram: @global_tasks_hr",fake
"Dear Candidate, Thank you for completing the technical assessment for the Junior Data Scientist position at Spotify. We are pleased to inform you that you passed the coding screen, and we would like to invite you to the final virtual onsite panel interview. This will consist of three 45-minute sessions covering machine learning theory, SQL analytics, and behavioral fit. Best, Spotify Recruitment Team.",real
"Hi Nathan, I came across your LinkedIn profile while looking for Machine Learning Engineers with strong MLOps and Kubeflow experience. I'm a talent acquisition partner at DoorDash, and our Logistics ML team is expanding rapidly. We are looking for engineers who can build and deploy real-time routing models. Let me know if you have 10-15 minutes for an introductory chat this week. Best, Maya Patel.",real
"Hi, I am Emily from TikTok HR department. We are currently looking for part-time workers to help boost content creators' visibility by liking and reviewing videos. You can earn $100-$300 per day. Work from anywhere using your phone. Contact us on WhatsApp link: wa.me/19175550144",fake
"Hello Jobseeker, We saw your resume online and want to hire you as a Remote Operations Assistant. Salary is $42/hr. Please text our hiring manager on Signal app at +13055550191 to complete your onboarding forms.",fake
"Hi Austin, I'm a technical recruiter at Netflix. I saw your open-source contribution to the scikit-learn library and wanted to reach out. Our Personalization Data Science team is looking for a Senior Engineer who is passionate about algorithmic development and large-scale experiments. If you're open to a confidential conversation about what we're planning for next year, let's connect. Thanks, Chris.",real
"Hi Megan, following up on our chat last week, the data science leadership team at HubSpot was incredibly impressed by your background in implementing product attribution loops. We would love to invite you to a 45-minute case study interview covering product metrics and experimental design. Let me know which of the following times work best for your schedule next week. Best, Chris Miller.",real
"Hi Vanessa, I'm a recruiter at LinkedIn. I noticed your impressive background in building trust and abuse prevention metrics at your current firm. We are currently looking for a Senior Data Scientist to join our Identity Quality team in Sunnyvale. Your profile stands out as an excellent technical fit. Would you be open to an introductory 15-minute sync this Wednesday or Thursday afternoon? Best, Andrew.",real
"Hello friend, do you want a part time remote job? Work from home 1-2 hours daily and earn $1500 weekly. Tasks are very simple data entry. Contact us on WhatsApp +16195550152.",fake
"Hi, I'm an independent talent scout. We have an immediate Data Science opening that pays $140/hr, completely remote, flexible workload, no past experience required. We just need you to complete a brief text screening on Signal app. Message us at +12065550174.",fake
"Dear Applicant, thank you for applying for the Graduate Data Analyst position at McKinsey & Company. We have received your application and would like to invite you to complete our online digital assessment, the McKinsey Solve game. You will receive a separate email containing your unique access link and instructions. You will have 7 days to complete the assessment. Best regards, McKinsey Recruitment.",real
"Hello, I am a recruiter from Manpower. We have an immediate remote opening for a data collection specialist. Pay is $40/hr. No voice interview required, only a written test on Telegram. Add @manpower_careers_dept.",fake
"Dear Applicant, Your application has been reviewed by our hiring panel for the Remote Document Controller position. Starting compensation is $60/hr. The firm will send an advance check to establish your home workstation. Please reply to finalize your screening date.",fake
"Hi Ryan, I hope your week is going well. I'm a recruiter at Adobe, and I'm currently sourcing for a Product Data Analyst role on our Creative Cloud analytics group. I noticed you have over three years of industry experience deploying metrics frameworks via Amplitude and Tableau at your current firm. I'd love to share more about our data culture. Let me know if you're open to a brief chat. Thanks!",real
"Hi Lucas, I am currently sourcing for a Data Scientist role at LinkedIn on our Trust and Safety team. Given your background in anomaly detection and graph analytics, I thought you would be interested in learning more about the work we do to protect our members. The role can be located in Sunnyvale, CA or New York City. Let me know if you have time for a brief 15-minute introductory chat this week. Best, Emily Watson.",real
"Hello! This is a great opportunity to work from home. We need data encoders to process shipping invoices. Pay is $250 per day. We pay via PayPal or Crypto. If you are interested, please send your full name, phone number, and SSN for background verification to this email.",fake
Hello! Do you want a side job? Our company optimizes hotel ratings. Work 1 hour a day and earn 200 USDT. All you need is a crypto wallet. Message @hotel_rating_tasks on Telegram for info.,fake
Hello! I am a senior talent associate from Oracle Cloud Tech. We reviewed your profile on an online resume database and are happy to propose a fully remote position as an Online Content Optimization Clerk. Compensation is $45-$65 per hour. Please add our hiring coordinator via Telegram username @oracle_cloud_talent to proceed with your text interview.,fake
URGENT NOTICE: Remote Assistant Operator needed immediately. Base pay: $42.50 per hour. Flexible scheduling. Interview is conducted completely via text chat on Telegram. Please reach out to @career_ops_desk right now.,fake
"Hi Claire, I'm a recruiter at Intel. I noticed your graduate research at Stanford focusing on hardware-aware neural network quantization and edge computing frameworks. We have an open position for an AI Compiler Engineer on our specialized processing team that maps to your research perfectly. If you are open to exploring opportunities post-graduation, let's set up a call. Best, Richard.",real
URGENT: Remote Work From Home Job Available. Title: Assistant Data Entry Operator. Pay: $40 per hour. We need someone who can start immediately. Interview will be conducted via Telegram text chat. Please message @recruitment_desk_2026 right away.,fake
"Hi Samantha, following up on our sync last Friday, the engineering panel for the Data Frameworks team at Snowflake was thoroughly impressed by your background in distributed data warehousing systems and dbt execution. We would love to move you forward to our 60-minute systems design architecture loop. Please select your availability via this link: [Link]. Best regards, Mark Robinson.",real
"Hi Samuel, I noticed your background in deep learning and NLP at Stanford while sourcing talent on LinkedIn. We have an open role for an ML Research Intern at Anthropic for Summer 2026, and I think your experience with scaling laws and fine-tuning makes you a spectacular candidate. If you're open to exploring this, please apply directly via this personalized portal link, or reply with your CV. Best, David Chen, University Recruiting.",real
"Hi, I am Maya from Kelly Services. We are looking for remote workers to optimize app store rankings. You get paid $200 per day in Bitcoin or bank transfer. Contact Telegram: @kelly_services_tasks",fake
"Hi, I am Madison from the YouTube Content Growth team. We are searching for freelancers to help creators optimize video engagement by liking and commenting. Make $150-$400 daily. Work anywhere using your phone. Contact via WhatsApp: wa.me/19175550188",fake
"Hi Sarah, following up on our phone screening last Tuesday, the hiring manager for the Data Science Team at Snowflake was very impressed with your background in distributed systems and ETL pipeline design. We would love to invite you to a 60-minute technical interview covering data structures and system design next week. Please let me know which of the following time slots work best for you. Best, Mark Robinson.",real
"Dear Candidate, Thank you for attending the initial technical interview for the Machine Learning Engineer role at Anthropic. The panel was highly impressed with your foundational knowledge in transformer architectures and optimization steps. We would love to invite you to our virtual onsite panel round next week. A recruiting coordinator will reach out shortly to align schedules. Best, Anthropic Talent Team.",real
"Immediate Data Specialist vacancy. $45/hr. Full corporate benefits after probation. Hardware provided by the company. To complete your application, please go to our site and complete a routine credit history check: http://verify-employment-bureau.com",fake
We are onboarding remote data encoders! Work just 2 hours a day from your mobile or laptop. Weekly salary is $1400 guaranteed. Must have an active bank account for daily direct payouts. Contact our coordinator via WhatsApp: +13125550147.,fake
"Hi Hannah, I hope you're well. I am a recruiter at Etsy, and I am currently looking for a Product Data Scientist to support our search and discovery team. I noticed your background at eBay working on e-commerce search algorithms, which is incredibly relevant to our current initiatives. I would love to jump on a quick call to share more about the team culture and scope. Let me know if you're available. Thanks, Tom.",real
"Hello, your resume was highlighted for an immediate, high-paying remote opportunity. We offer $48/hour for fundamental database maintenance. You must use Telegram to connect with our training lead. Search for @database_panel_ops",fake
"Hi there! Are you looking for extra income? We offer flexible remote work. You can earn up to $500/day just by reviewing e-commerce products. No interview, start today. Add Telegram @ecom_growth_agents",fake
"CONGRATULATIONS! You have been accepted for a remote data verification role at Pfizer Pharmaceuticals. Monthly salary is $9,000. Before we ship your corporate apple workstation, you must send a refundable insurance fee of $120 via Bitcoin or Razer Gold gift card. Reply now.",fake
"Hi Haley, I am currently leading the search for a Senior Data Analyst at Fanatics for our marketing metrics group in New York. I saw your profile and noticed your strong background running multi-touch attribution modeling and media mix optimization in your previous company. The role operates on a hybrid schedule. Let me know if you'd be open to reviewing the JD and connecting for a brief chat. Best, Alisha.",real
"Hi there, thank you for submitting your application for the Senior Machine Learning Engineer position at GitLab. Our hiring team has completed a review of your experience and we would love to invite you to our initial technical assessment. This round consists of a 45-minute live coding exercise over Zoom focusing on python algorithm structure. Please use this link to select your time slot: [Link]. Best, GitLab Recruiting.",real
"Hello friend. I saw your cv on job board and want to give you good job. Remote data typing, $42 per hour. Very basic work. Weekly payout via wire or check. Contact supervisor on Telegram user: @fast_hire_careers",fake
Immediate opening for a Remote Digital Content Archiver. Earn $3200 per month working flexible part-time hours. Hardware will be shipped directly to your house after you deposit our business check. Message us on Telegram @archiver_desk_space.,fake
We found your credentials on an online employment portal and believe you are a great match for our Data Archiving team. The position is completely remote. We will provide a corporate check for you to purchase a specialized workstation from our supplier. Reply with your contact details.,fake
"Hi Brandon, I'm a recruiter at Salesforce. I saw your profile and noticed your extensive experience with SQL, Python, and deploying machine learning models via AWS. We have a Senior Data Scientist position open on our Einstein AI team that seems to fit your background incredibly well. If you are open to exploring new roles, I'd love to share the job details and connect. Let me know what your availability looks like. Best, Rachel.",real
"Hello, I am the talent director at Walmart Careers. Your resume matches our requirements for an online inventory assistant. Compensation is $36/hour. Please contact our digital onboarding desk on WhatsApp right away: +17025550154.",fake
Good morning. I am a hiring representative from Robert Half. Your resume has been selected for a remote document logging clerk role. Compensation is $36/hour. The screening will hold on Telegram. Download the app and search for @roberthalf_careers to begin.,fake
Urgent response requested. Your profile for the remote data support position has been approved. You must download Telegram and message our hiring coordinator @recruiter_claudia within 12 hours or the position will be re-assigned.,fake
"Hi Maya, I'm a technical recruiter at Zoom. I saw your profile and noticed your background in processing structured communication logs and NLP classification models. We have an open Senior Data Scientist role on our Product Metrics team that focuses heavily on user collaboration features. If you are open to exploring new options, I'd love to set up an introductory chat. Cheers, Justin.",real
"JOB NOTICE: We are looking for remote data collectors. You will receive a sign-on bonus of $2,000 after completing your first week of data entry tasks. You must purchase your own software license from our vendor using a check we will send you via email. Print the check and deposit it via your mobile app.",fake
"JOB OFFER FROM COGNIZANT! Congratulations, your resume has been shortlisted for the remote position of Data Entry Specialist. Salary is $45/hr. This is a work from home position. To proceed with the interview setup, please install Signal app and add our HR manager via phone number +14155552671.",fake
"Hi Julian, I hope your week is going well. I am a technical recruiter at MongoDB. I came across your profile while looking for database engineers with extensive experience managing multi-region distributed clusters and cloud integrations. Your practical experience with high-throughput migrations caught my eye. I'd love to share the technical scope of our new distributed infra team with you. Let me know if you have time for a short call. Best, Sarah.",real
Hi there! Are you looking for extra cash flow? We provide high-paying flexible remote work. Earn up to $500/day by reviewing major e-commerce platforms. No formal interview needed. Join our Telegram channel: @ecom_growth_partners,fake
"Hi Harrison, I am currently leading the search for a Principal Data Scientist for a growing healthcare technology company based in Austin, TX. I found your profile and was impressed by your 8+ years of experience deploying predictive health models into production environments. The position offers competitive base pay, bonus, and full benefits. Let me know if you'd be open to a brief confidential chat. Best, Robert Half Executive Search.",real
"CONGRATULATIONS! You have been accepted for the Remote Data Analyst position at Merck Pharmaceuticals. Your monthly salary will be $8,500. Before we ship your Apple laptop and software, you need to pay a refundable insurance fee of $150 via Bitcoin or Apple gift card. Reply ASAP.",fake
"Hi Paige, I hope your week is going well. I am a recruiter at Snap, and I am currently looking for an ML Data Scientist to join our Camera Engagement team. I noticed your published paper on computer vision applications and your professional experience deploying production models. Your background seems like an excellent fit for our current challenges. Would you be open to a connection call this Friday?",real
"Hi Nolan, I hope your week is going well. I am a technical recruiter at Oracle. I came across your profile while looking for cloud data engineers with extensive experience building data lakes using OCI or AWS. Your profile caught my eye because of your hands-on experience with multi-terabyte data migrations. I'd love to share the scope of our new cloud infrastructure team with you. Let me know if you have time for a short call. Best, Sarah.",real
"Hi Rachel, I'm a corporate recruiter at Lowe's. I came across your resume while looking for supply chain data analysts. Your background in inventory optimization and demand forecasting at Target looks exceptional. We have a Senior Analyst position open at our Charlotte corporate office (with flexible hybrid arrangements). If you are open to a new opportunity, let's connect. Best, Sarah.",real
"Dear Candidate, Thank you for completing the final round panel interviews for the Data Scientist role at Cloudflare. Our core hiring committee is currently gathering evaluation notes from all the interview panels. We expect to formalize our final decision and reach out to you with an official update by Thursday afternoon. Thank you for your patience and time throughout this process. Sincerely, Cloudflare Talent Ops.",real
"Hi Sophia, I hope you're well. I am a talent acquisition specialist at Chewy. We have an immediate opening for a Supply Chain Data Scientist on our Fulfillment Optimization team. I noticed your previous internship focused heavily on inventory allocation modeling, which matches our requirements perfectly. I would love to set up an introductory phone screening. Let me know your availability. Best, Kevin.",real
"Hi Vikram, I am currently leading the search for a Lead Data Analyst at a major healthcare network based in Chicago (hybrid schedule). Your profile stood out during my search for analytics leaders with a background in clinical operational data and Python automation. The target base salary is $150k-$175k + comprehensive benefits. If this is of interest, let's coordinate a confidential exploratory call. Best, Robert Half Staffing.",real
"Dear Applicant, You have been shortlisted for an online text interview with Tech Mahindra for a Remote Quality Checker position. The screening will be conducted over Telegram text. Add @tech_mahindra_desk to connect with a recruiter.",fake
"Hi Fiona, I hope this message finds you well. I'm reaching out from the University Recruiting team at IBM. We have reviewed your application for the Data Science Internship for Summer 2026. We are excited to invite you to complete a 45-minute technical screen focusing on algorithmic programming and statistics. Please check your inbox for an evaluation invitation from HackerRank. Best regards, IBM Recruiting.",real
"Hi Marcus, I am a technical recruiter at Epic Games. I noticed your GitHub repository where you modeled multiplayer matchmaking balances and player churn using advanced Markov chains. Our Game Analytics team is looking for data scientists with a deep passion for gaming metrics and statistical rigor. If you are open to a chat, I'd love to tell you more about our pipeline. Best, Eric.",real
"Hi Lauren, I saw your LinkedIn post about graduating from Carnegie Mellon with your Master's in Machine Learning. Congratulations! I am a recruiter at McKinsey & Company, and we are actively hiring for our QuantumBlack AI consulting practice. We have several entry-level Data Scientist openings across our North American hubs. If you're interested, let's connect to share details. Best, Amanda Blake.",real
"Hi there, thank you for taking the time to apply for the Data Scientist, Analytics position at Meta. We have reviewed your application and would love to move you forward to the initial technical screening phase. This will be a 45-minute video call via Zoom focusing on SQL and product metrics. Please use this Calendly link to select a convenient time: [Link]. Looking forward to speaking with you!",real
"Hi Ryan, thank you for applying to the Machine Learning Engineer position at Airbnb. We have carefully reviewed your resume and profile. While we are thoroughly impressed by your background, we have decided not to move forward with your application for this specific role as we are prioritizing candidates with more production-level MLOps experience. We will keep your resume on file for future opportunities that match your skillset. Best of luck, Airbnb Careers.",real
Hi! I am an HR assistant from Kforce. We have a fully remote Data Analyst role that pays $65/hr. There is no technical interview. You just need to answer a few text questions on Telegram. Add @kforce_recruiter_text.,fake
"Urgent Hiring for Remote Administrative Support Specialist. Salary: $45.00 - $65.00 per hour. Set your own schedule. Full-time or part-time. To proceed, please message our recruitment desk on WhatsApp at +18185550161.",fake
"Hi Vikram, I am currently looking for a Lead Data Scientist for a prominent financial tech company based in New York City (hybrid model). Your profile showed up during my search for leaders with experience scaling data teams and deploying fraud detection models. The base salary range is $180k-$220k plus equity. If this sounds like something you'd want to learn more about, let's schedule a confidential call. Best, Robert Half Technology Recruitment.",real
"Hi Samuel, I noticed your extensive background in processing spatio-temporal data and your recent research at University of Michigan. I'm a university recruiter at Esri, and we are currently accepting applications for our Spatial Data Science Internship for Summer 2026. Your profile looks like a great fit for our core analytics group. If interested, please submit your resume through this portal: [Link]. Best, Sarah Jenkins.",real
"Hi Rebecca, I came across your LinkedIn profile while looking for machine learning engineers with strong PyTorch and reinforcement learning experience. I'm a technical recruiter at Cruise, and our Simulation team is growing. I'd love to jump on a 15-minute introductory call this week to talk about the autonomous vehicle space and see if this aligns with your background. Let me know if you're free on Wednesday or Thursday. Best, Michael Lawson.",real
"Urgent Hiring: Remote Administrative Support Specialist. Compensation: $40.00 - $55.00 per hour. Set your own hours. Full-time or part-time. To proceed, please message our recruitment desk on WhatsApp at +18185550144.",fake
"Dear Applicant, thank you for your interest in the Data Analyst position at Figma. We wanted to confirm that we received your application and our talent acquisition team is actively reviewing it. Due to the high volume of applications, it may take us 1-2 weeks to provide the next update. You can track your real-time status via your Figma Careers dashboard. Thank you, Figma Talent Acquisition.",real
"Dear Applicant, thank you for your interest in the Data Analyst position at Canva. We wanted to let you know that we received your application and our talent acquisition team is currently reviewing it. Due to the high volume of applicants, it may take us 1-2 weeks to get back to you with the next steps. You can track your application status anytime through your Canva Careers dashboard. Thank you, Canva Talent Acquisition.",real
"Hi Jordan, I am a recruiter at Cisco. I noticed you recently completed your Google Cloud Professional Data Engineer certification and have a solid foundation in Python and ETL development. We have an immediate opening for an Associate Data Engineer within our security organization in Austin, TX. I'd love to chat and see if this matches your career progression. Let me know your availability. Best, Sarah.",real
"Hello, I am HR manager at Amazon. Your CV matches our requirements for a remote data entry clerk. The salary is $38 per hour. Please contact our coordinator on WhatsApp immediately: +17025550122 to secure your spot.",fake
"Hi Ethan, I came across your profile while looking for Machine Learning Engineers with production experience building low-latency recommendation APIs. I'm a talent acquisition partner at Roblox, and our Discovery ML team is expanding rapidly. We are looking for engineers who can deploy deep learning models at massive scale. Let me know if you have 10 minutes for an introductory chat this week. Best, Maya.",real
"Hi Leah, I am a recruiter at Cisco. I saw your presentation on network traffic forecasting at a local data science meetup. Our Enterprise Data Analytics team is currently looking for an Advanced Analytics Specialist with strong time-series modeling skills. This role can be based out of our San Jose, CA office or fully remote. If you are open to exploring roles, let's set up an introductory chat. Thanks, Mark.",real
"Hi Jessica, our mutual colleague, Dr. Aris, passed along your contact information and highly recommended your work in predictive modeling. I'm currently leading the search for a Senior Data Scientist at Novartis to work on clinical trial optimization. The role is hybrid out of our Cambridge, MA office. I'd love to connect and share the job description with you. Do you have 10 minutes for a brief phone call next Tuesday morning?",real
"Dear Applicant, thank you for your application for the Data Science Internship at Rivian. We are highly impressed by your academic track record and your hands-on project modeling battery degradation using time-series forecasting. We would love to invite you to a 30-minute technical phone screen with one of our lead analytics engineers. Please use the link below to select your slot. Best, Rivian University Recruiting.",real
"Hi Justin, I saw your LinkedIn post regarding completing your Master's in Operations Research at Columbia University. Huge congratulations! I am a campus recruiting lead at Deloitte, and we are scaling our Applied Artificial Intelligence consulting branch. We have several open entry-level data scientist positions available across our metropolitan offices. Let's schedule an intro call to review timelines. Best, Amanda Blake.",real
"Hi Paige, I am currently leading the search for a Senior Data Analyst at DraftKings for our marketing analytics team in Boston. I saw your profile and noticed your background running attribution modeling and marketing mix modeling in your previous role. The position is hybrid with 2 days in the office. Let me know if you'd be open to reviewing the job description and having a brief chat. Best, Alisha.",real
We discovered your resume on an employment portal and believe you are the perfect candidate for our remote billing coordinator vacancy. The company will issue a certified check for you to purchase a laptop and specialized scanner from our verified distributor. Reply with your full legal name and email to proceed.,fake
Work from home job opening! Process data from the comfort of your couch. Make $3000/week. We send you a check for equipment. You buy from our vendor. Send your bank details to get the check processed today.,fake
"Hi Tyler, I'm a recruiter at Uber. I stumbled upon your profile while looking for data scientists with deep causal inference and rigorous A/B testing backgrounds. Your work at your previous firm seems directly relevant to what our Rides Marketplace optimization team is tackling right now. Are you open to a brief chat this week to hear about our roadmap? Let me know, thanks!",real
"Dear Applicant, Your application has been approved by our hiring board for the Remote Records Management role. Starting pay is $55/hr. The company will send an advance check to establish your home office framework. Reply to this email with your physical address to receive your questionnaire.",fake
"Hi, this is Megan from Collabera. We have a remote data validation position opening up immediately. Compensation is $58/hr. This role requires you to connect with our onboarding team on WhatsApp at +14045550188 for a chat screening.",fake
"Dear Applicant, Your skill profile aligns with our operational requirements for a remote data verification specialist. Pay rate is $50/hr. The interview process is conducted via text on the Telegram application. Search for @recruitment_hub_division.",fake
"Hi, I noticed your resume on Indeed and think you would be a great fit for our remote data entering position. The salary is $35 per hour. We provide all equipment via a check. Please message @hr_team_online on Telegram.",fake
"Hi Jessica, our engineering lead, Dr. Torres, forwarded your profile and highly recommended your research in neural network compression frameworks. I am managing the talent search for a Staff AI Scientist at Splunk to lead our enterprise monitoring intelligence group. The position is hybrid out of our San Jose, CA corporate facility. Would you be open to a 10-minute exploratory discussion next Thursday? Best, Rachel Green.",real
"Hi Jason, I saw your LinkedIn post about graduating from Georgia Tech with your Master's in Analytics. Congratulations! I am a recruiter at Deloitte, and we are actively hiring for our Applied AI consulting practice. We have several entry-level Data Scientist openings across our US offices. If you're interested in consulting, I'd love to connect and share more about our upcoming campus hiring cycles. Best, Amanda Blake.",real
"Hi! I am a recruiter from Teksystems. We have a direct-hire remote Data Analyst role for you. No technical round, just a quick chat on WhatsApp. Pay is $55/hr. Contact +16175550183 right now.",fake
"Hello, I am a corporate scout. We are offering a 100% remote data entry position paying $46/hr. To initiate your identity background verification, please click this link and complete a temporary $1 authorization charge: http://background-check-portal.com",fake
"Dear Candidate, Thank you for taking the time to talk with us during the initial phone screen for the Data Engineering position at Databricks. We enjoyed learning more about your experience building Spark streaming pipelines. We would like to move you forward to a technical interview with one of our senior engineers. Please use the following link to select your availability over the next five business days: [Link]. Best, Databricks Recruiting.",real
"Hi! I am a recruiter from Teksystems. We have a direct-hire remote Data Analytics assistant position open. No technical rounds, just a short questionnaire via WhatsApp. Pay is $55/hr. Contact +16175550194 right now.",fake
"Hello! I saw your resume online and wanted to offer an excellent remote data entry opportunity. $40 per hour, flexible hours, perfect as a side gig. Contact the department manager on Telegram: @fast_track_hiring",fake
"Hi Elena, I hope you're having a great week. I'm a recruiter at Adobe, and I'm currently sourcing for a Product Data Analyst role on our Creative Cloud team. I noticed you have over three years of experience using product analytics tools like Amplitude and Tableau at your current company. I’d love to tell you more about the culture and the scope of this role. Let me know if you're open to a short introductory chat. Thanks!",real
"JOB ANNOUNCEMENT: Looking for work-from-home data evaluators. Get a signup bonus of $1,500 after your first 5 days of simple text evaluation. You must buy specialized software using a corporate check we will email to you. Print and deposit it electronically.",fake
"Dear Candidate, Thank you for completing the SQL challenge for the Data Engineer position at Toast. We are pleased to inform you that you have been selected to advance to our virtual technical interview round. This will be a 60-minute session via Zoom where we will dive into data modeling concepts and pipeline scalability. Please use this link to schedule your session. Best, Toast Recruiting.",real
